{
    "id": "product-844783",
    "name": "Formal jacket",
    "slug": "formal-jacket",
    "price": 48,
    "internal": {
        "createdAt": "2022-03-03T10:29:42+00:00",
        "deletedAt": "",
        "updatedAt": "2022-05-23T11:23:25+00:00",
        "contentType": "product",
        "objectTitle": "Formal jacket",
        "workflow_state": "saved"
    },
    "description": "<p>Aliquam lectus arcu, accumsan quis libero vel, placerat faucibus orci. Aenean vitae mattis turpis, id egestas arcu. Integer non purus dui.</p>\n\n<ul>\n\t<li>Etiam porttitor massa id velit semper, vitae posuere leo egestas.</li>\n\t<li>Nunc congue, quam vestibulum cursus luctus, turpis sem feugiat odio, eu placerat ex tellus vitae elit.</li>\n\t<li>Phasellus sodales purus sed auctor feugiat. Morbi varius pretium ligula id semper. In ac scelerisque erat.</li>\n\t<li>Quisque a metus ut nibh finibus hendrerit.</li>\n</ul>\n",
    "productImage": [
        {
            "type": "internal",
            "dataUrl": "/api/v1/content/_media/_media-c9e32834-4fff-4487-bcca-7e535664a01d"
        }
    ],
    "productGallery": [
        {
            "type": "internal",
            "dataUrl": "/api/v1/content/_media/_media-c9e32834-4fff-4487-bcca-7e535664a01d"
        },
        {
            "type": "internal",
            "dataUrl": "/api/v1/content/_media/_media-1d34ad29-c95e-446f-87cd-d400752aa92e"
        },
        {
            "type": "internal",
            "dataUrl": "/api/v1/content/_media/_media-d5b4371b-464b-4f74-9e77-3a8458e99d3b"
        },
        {
            "type": "internal",
            "dataUrl": "/api/v1/content/_media/_media-67dd1778-7bc4-48d1-bfa7-9c8d49fb2140"
        }
    ]
}