{
    "name": "product",
    "label": "Product",
    "schemaDefinition": {
        "type": "object",
        "allOf": [
            {
                "$ref": "#/components/schemas/AbstractContentTypeSchemaDefinition"
            },
            {
                "type": "object",
                "properties": {
                    "name": {
                        "type": "string",
                        "minLength": 1
                    },
                    "slug": {
                        "type": "string",
                        "pattern": "^[a-zA-Z0-9-_]*$",
                        "minLength": 1
                    },
                    "price": {
                        "type": "number",
                        "minLength": 1
                    },
                    "description": {
                        "type": "string"
                    },
                    "productImage": {
                        "type": "array",
                        "items": {
                            "$ref": "#/components/schemas/DataSource"
                        },
                        "minItems": 0
                    },
                    "productGallery": {
                        "type": "array",
                        "items": {
                            "$ref": "#/components/schemas/DataSource"
                        },
                        "minItems": 0
                    }
                }
            }
        ],
        "required": [
            "name",
            "slug",
            "price"
        ],
        "additionalProperties": false
    },
    "metaDefinition": {
        "order": [
            "name",
            "slug",
            "price",
            "description",
            "productImage",
            "productGallery"
        ],
        "propertiesConfig": {
            "name": {
                "label": "Name",
                "unique": true,
                "helpText": "",
                "inputType": "text",
                "isTitlePart": true
            },
            "slug": {
                "label": "Slug",
                "unique": true,
                "helpText": "Slug can only have alphanumerical characters, - and _",
                "inputType": "text"
            },
            "price": {
                "label": "Price",
                "unique": false,
                "helpText": "",
                "inputType": "number"
            },
            "description": {
                "label": "Description",
                "unique": false,
                "helpText": "",
                "inputType": "richtext"
            },
            "productImage": {
                "label": "Product image",
                "unique": false,
                "helpText": "",
                "inputType": "datasource",
                "validation": {
                    "relationContenttype": "_media"
                }
            },
            "productGallery": {
                "label": "Product gallery",
                "unique": false,
                "helpText": "",
                "inputType": "datasource",
                "validation": {
                    "relationMultiple": true,
                    "relationContenttype": "_media"
                }
            }
        }
    }
}